{
  "dataset": "nfcorpus",
  "split": "test",
  "config": {
    "h": 0.5,
    "lam": 0.05,
    "rho": 0.05,
    "sinkhorn_eps": 0.1,
    "T": 3,
    "inner_steps": 25,
    "tau0": 0.1
  },
  "inject_counts": [
    0,
    10,
    30
  ],
  "n_queries": 100,
  "summary": {
    "0": {
      "rerank": {
        "ndcg@10": {
          "mean": 0.3440647907721736,
          "ci_lo": 0.28447372051544034,
          "ci_hi": 0.4017976787871649,
          "n": 100
        },
        "recall@10": {
          "mean": 0.16230210258949251,
          "ci_lo": 0.11971009933636574,
          "ci_hi": 0.20868785617812907,
          "n": 100
        },
        "distractor_leakage@10": {
          "mean": 0.0,
          "ci_lo": 0.0,
          "ci_hi": 0.0,
          "n": 100
        }
      },
      "noprox_blend": {
        "ndcg@10": {
          "mean": 0.3487697357180297,
          "ci_lo": 0.2888602852255831,
          "ci_hi": 0.40821175801278026,
          "n": 100
        },
        "recall@10": {
          "mean": 0.17126321822484175,
          "ci_lo": 0.12737575317326785,
          "ci_hi": 0.22065627738101068,
          "n": 100
        },
        "distractor_leakage@10": {
          "mean": 0.0,
          "ci_lo": 0.0,
          "ci_hi": 0.0,
          "n": 100
        }
      },
      "kl_blend": {
        "ndcg@10": {
          "mean": 0.35044717564522154,
          "ci_lo": 0.28959708037055937,
          "ci_hi": 0.410331163266063,
          "n": 100
        },
        "recall@10": {
          "mean": 0.1708631671978258,
          "ci_lo": 0.1274898888252613,
          "ci_hi": 0.21955641962168793,
          "n": 100
        },
        "distractor_leakage@10": {
          "mean": 0.0,
          "ci_lo": 0.0,
          "ci_hi": 0.0,
          "n": 100
        }
      },
      "jko_blend": {
        "ndcg@10": {
          "mean": 0.31132758816386313,
          "ci_lo": 0.25512762279157614,
          "ci_hi": 0.36764491234988883,
          "n": 100
        },
        "recall@10": {
          "mean": 0.14565195319401925,
          "ci_lo": 0.10644367030482833,
          "ci_hi": 0.1916439174686578,
          "n": 100
        },
        "distractor_leakage@10": {
          "mean": 0.0,
          "ci_lo": 0.0,
          "ci_hi": 0.0,
          "n": 100
        }
      }
    },
    "10": {
      "rerank": {
        "ndcg@10": {
          "mean": 0.3254385465341371,
          "ci_lo": 0.26681542463750435,
          "ci_hi": 0.38228118741680134,
          "n": 100
        },
        "recall@10": {
          "mean": 0.14612067794660077,
          "ci_lo": 0.1057880279123064,
          "ci_hi": 0.19068611401269372,
          "n": 100
        },
        "distractor_leakage@10": {
          "mean": 0.247,
          "ci_lo": 0.18397500000000003,
          "ci_hi": 0.31,
          "n": 100
        }
      },
      "noprox_blend": {
        "ndcg@10": {
          "mean": 0.341593721762381,
          "ci_lo": 0.2829008998724415,
          "ci_hi": 0.4012599064127686,
          "n": 100
        },
        "recall@10": {
          "mean": 0.16528477809006425,
          "ci_lo": 0.12178388204749788,
          "ci_hi": 0.21364162569116407,
          "n": 100
        },
        "distractor_leakage@10": {
          "mean": 0.13799999999999998,
          "ci_lo": 0.09497499999999999,
          "ci_hi": 0.18100000000000002,
          "n": 100
        }
      },
      "kl_blend": {
        "ndcg@10": {
          "mean": 0.3431050141013036,
          "ci_lo": 0.28338063885677095,
          "ci_hi": 0.40295962737467733,
          "n": 100
        },
        "recall@10": {
          "mean": 0.16456931076169373,
          "ci_lo": 0.12082159484959416,
          "ci_hi": 0.21292764953826404,
          "n": 100
        },
        "distractor_leakage@10": {
          "mean": 0.13999999999999999,
          "ci_lo": 0.09699999999999999,
          "ci_hi": 0.184,
          "n": 100
        }
      },
      "jko_blend": {
        "ndcg@10": {
          "mean": 0.30821861789936245,
          "ci_lo": 0.2518133691040319,
          "ci_hi": 0.3641540333773188,
          "n": 100
        },
        "recall@10": {
          "mean": 0.14264587141348092,
          "ci_lo": 0.10361165554854102,
          "ci_hi": 0.1878513273337073,
          "n": 100
        },
        "distractor_leakage@10": {
          "mean": 0.11899999999999997,
          "ci_lo": 0.081,
          "ci_hi": 0.15902499999999986,
          "n": 100
        }
      }
    },
    "30": {
      "rerank": {
        "ndcg@10": {
          "mean": 0.3254385465341371,
          "ci_lo": 0.26681542463750435,
          "ci_hi": 0.38228118741680134,
          "n": 100
        },
        "recall@10": {
          "mean": 0.14612067794660077,
          "ci_lo": 0.1057880279123064,
          "ci_hi": 0.19068611401269372,
          "n": 100
        },
        "distractor_leakage@10": {
          "mean": 0.255,
          "ci_lo": 0.192,
          "ci_hi": 0.31602499999999994,
          "n": 100
        }
      },
      "noprox_blend": {
        "ndcg@10": {
          "mean": 0.33569362607951186,
          "ci_lo": 0.2768428130806222,
          "ci_hi": 0.3946409902494827,
          "n": 100
        },
        "recall@10": {
          "mean": 0.15760177675955434,
          "ci_lo": 0.11676306503202881,
          "ci_hi": 0.20296895080252939,
          "n": 100
        },
        "distractor_leakage@10": {
          "mean": 0.183,
          "ci_lo": 0.13299999999999998,
          "ci_hi": 0.2330249999999999,
          "n": 100
        }
      },
      "kl_blend": {
        "ndcg@10": {
          "mean": 0.3380986373430464,
          "ci_lo": 0.27795473829583583,
          "ci_hi": 0.39752462325521687,
          "n": 100
        },
        "recall@10": {
          "mean": 0.15888630943118376,
          "ci_lo": 0.11703674118357152,
          "ci_hi": 0.20378013509375742,
          "n": 100
        },
        "distractor_leakage@10": {
          "mean": 0.183,
          "ci_lo": 0.13297499999999998,
          "ci_hi": 0.233,
          "n": 100
        }
      },
      "jko_blend": {
        "ndcg@10": {
          "mean": 0.30447739365705195,
          "ci_lo": 0.24881096869679686,
          "ci_hi": 0.35958010051313266,
          "n": 100
        },
        "recall@10": {
          "mean": 0.1416076866754806,
          "ci_lo": 0.1025894517919319,
          "ci_hi": 0.1870158280177019,
          "n": 100
        },
        "distractor_leakage@10": {
          "mean": 0.203,
          "ci_lo": 0.155,
          "ci_hi": 0.253,
          "n": 100
        }
      }
    }
  },
  "paired_jko_vs_kl": {
    "0": {
      "ndcg@10": {
        "diff": -0.0391195874813584,
        "ci_lo": -0.056929142020994014,
        "ci_hi": -0.023565231015665017
      },
      "recall@10": {
        "diff": -0.025211214003806534,
        "ci_lo": -0.03949121036818253,
        "ci_hi": -0.012728426399009892
      },
      "distractor_leakage@10": {
        "diff": 0.0,
        "ci_lo": 0.0,
        "ci_hi": 0.0
      }
    },
    "10": {
      "ndcg@10": {
        "diff": -0.03488639620194126,
        "ci_lo": -0.050715399801483,
        "ci_hi": -0.019843305159896893
      },
      "recall@10": {
        "diff": -0.021923439348212736,
        "ci_lo": -0.037055275003662236,
        "ci_hi": -0.009439480821580658
      },
      "distractor_leakage@10": {
        "diff": -0.020999999999999998,
        "ci_lo": -0.061,
        "ci_hi": 0.016000000000000004
      }
    },
    "30": {
      "ndcg@10": {
        "diff": -0.033621243685994597,
        "ci_lo": -0.04848598077327706,
        "ci_hi": -0.019562138343610175
      },
      "recall@10": {
        "diff": -0.017278622755703188,
        "ci_lo": -0.027309940563610954,
        "ci_hi": -0.008567360740083184
      },
      "distractor_leakage@10": {
        "diff": 0.020000000000000004,
        "ci_lo": -0.017,
        "ci_hi": 0.055999999999999994
      }
    }
  }
}