{
  "dataset": "scifact",
  "split": "test",
  "config": {
    "h": 0.5,
    "lam": 0.05,
    "rho": 0.05,
    "sinkhorn_eps": 0.1,
    "T": 3,
    "inner_steps": 25,
    "tau0": 0.1
  },
  "inject_counts": [
    0,
    10,
    30
  ],
  "n_queries": 150,
  "summary": {
    "0": {
      "rerank": {
        "ndcg@10": {
          "mean": 0.6822672626039676,
          "ci_lo": 0.6233439072769329,
          "ci_hi": 0.7405447311572719,
          "n": 150
        },
        "recall@10": {
          "mean": 0.8344444444444444,
          "ci_lo": 0.7746666666666667,
          "ci_hi": 0.8915611111111111,
          "n": 150
        },
        "distractor_leakage@10": {
          "mean": 0.0,
          "ci_lo": 0.0,
          "ci_hi": 0.0,
          "n": 150
        }
      },
      "noprox_blend": {
        "ndcg@10": {
          "mean": 0.7119825708559127,
          "ci_lo": 0.6551262384977709,
          "ci_hi": 0.7701183478279716,
          "n": 150
        },
        "recall@10": {
          "mean": 0.8446666666666666,
          "ci_lo": 0.78665,
          "ci_hi": 0.8979999999999999,
          "n": 150
        },
        "distractor_leakage@10": {
          "mean": 0.0,
          "ci_lo": 0.0,
          "ci_hi": 0.0,
          "n": 150
        }
      },
      "kl_blend": {
        "ndcg@10": {
          "mean": 0.7143485785176996,
          "ci_lo": 0.6571756087157932,
          "ci_hi": 0.7718544584495656,
          "n": 150
        },
        "recall@10": {
          "mean": 0.8513333333333334,
          "ci_lo": 0.79465,
          "ci_hi": 0.9046833333333332,
          "n": 150
        },
        "distractor_leakage@10": {
          "mean": 0.0,
          "ci_lo": 0.0,
          "ci_hi": 0.0,
          "n": 150
        }
      },
      "jko_blend": {
        "ndcg@10": {
          "mean": 0.6972980936712793,
          "ci_lo": 0.634899974501854,
          "ci_hi": 0.7558253787343902,
          "n": 150
        },
        "recall@10": {
          "mean": 0.8153333333333334,
          "ci_lo": 0.7559833333333333,
          "ci_hi": 0.8733666666666664,
          "n": 150
        },
        "distractor_leakage@10": {
          "mean": 0.0,
          "ci_lo": 0.0,
          "ci_hi": 0.0,
          "n": 150
        }
      }
    },
    "10": {
      "rerank": {
        "ndcg@10": {
          "mean": 0.6800450403817454,
          "ci_lo": 0.6213054711316358,
          "ci_hi": 0.7393745905769936,
          "n": 150
        },
        "recall@10": {
          "mean": 0.8277777777777777,
          "ci_lo": 0.7646666666666667,
          "ci_hi": 0.8837833333333333,
          "n": 150
        },
        "distractor_leakage@10": {
          "mean": 0.37933333333333336,
          "ci_lo": 0.32998333333333335,
          "ci_hi": 0.42933333333333334,
          "n": 150
        }
      },
      "noprox_blend": {
        "ndcg@10": {
          "mean": 0.7117671603926109,
          "ci_lo": 0.6549586020883152,
          "ci_hi": 0.7701437949495469,
          "n": 150
        },
        "recall@10": {
          "mean": 0.8446666666666666,
          "ci_lo": 0.78665,
          "ci_hi": 0.8979999999999999,
          "n": 150
        },
        "distractor_leakage@10": {
          "mean": 0.41933333333333334,
          "ci_lo": 0.374,
          "ci_hi": 0.4633333333333333,
          "n": 150
        }
      },
      "kl_blend": {
        "ndcg@10": {
          "mean": 0.7137451341316644,
          "ci_lo": 0.6563372076462421,
          "ci_hi": 0.7712683200944931,
          "n": 150
        },
        "recall@10": {
          "mean": 0.8513333333333334,
          "ci_lo": 0.79465,
          "ci_hi": 0.9046833333333332,
          "n": 150
        },
        "distractor_leakage@10": {
          "mean": 0.42799999999999994,
          "ci_lo": 0.3826666666666667,
          "ci_hi": 0.47135,
          "n": 150
        }
      },
      "jko_blend": {
        "ndcg@10": {
          "mean": 0.7008066088081085,
          "ci_lo": 0.6395945255733648,
          "ci_hi": 0.7598761881306708,
          "n": 150
        },
        "recall@10": {
          "mean": 0.822,
          "ci_lo": 0.7613166666666666,
          "ci_hi": 0.88,
          "n": 150
        },
        "distractor_leakage@10": {
          "mean": 0.2086666666666667,
          "ci_lo": 0.17666666666666667,
          "ci_hi": 0.2426666666666667,
          "n": 150
        }
      }
    },
    "30": {
      "rerank": {
        "ndcg@10": {
          "mean": 0.6800450403817454,
          "ci_lo": 0.6213054711316358,
          "ci_hi": 0.7393745905769936,
          "n": 150
        },
        "recall@10": {
          "mean": 0.8277777777777777,
          "ci_lo": 0.7646666666666667,
          "ci_hi": 0.8837833333333333,
          "n": 150
        },
        "distractor_leakage@10": {
          "mean": 0.4826666666666667,
          "ci_lo": 0.43333333333333335,
          "ci_hi": 0.5326666666666666,
          "n": 150
        }
      },
      "noprox_blend": {
        "ndcg@10": {
          "mean": 0.7095681856302317,
          "ci_lo": 0.6503131913634145,
          "ci_hi": 0.7675862865269538,
          "n": 150
        },
        "recall@10": {
          "mean": 0.838,
          "ci_lo": 0.778,
          "ci_hi": 0.8920000000000001,
          "n": 150
        },
        "distractor_leakage@10": {
          "mean": 0.5493333333333333,
          "ci_lo": 0.5020000000000001,
          "ci_hi": 0.5940166666666665,
          "n": 150
        }
      },
      "kl_blend": {
        "ndcg@10": {
          "mean": 0.7117611579967436,
          "ci_lo": 0.6522708899308688,
          "ci_hi": 0.7694685942563934,
          "n": 150
        },
        "recall@10": {
          "mean": 0.8446666666666667,
          "ci_lo": 0.78665,
          "ci_hi": 0.8986666666666667,
          "n": 150
        },
        "distractor_leakage@10": {
          "mean": 0.5593333333333333,
          "ci_lo": 0.512,
          "ci_hi": 0.6046666666666666,
          "n": 150
        }
      },
      "jko_blend": {
        "ndcg@10": {
          "mean": 0.7002000129638588,
          "ci_lo": 0.6390831444203058,
          "ci_hi": 0.7591262908210505,
          "n": 150
        },
        "recall@10": {
          "mean": 0.8186666666666667,
          "ci_lo": 0.7553333333333333,
          "ci_hi": 0.876,
          "n": 150
        },
        "distractor_leakage@10": {
          "mean": 0.3186666666666667,
          "ci_lo": 0.27665,
          "ci_hi": 0.36266666666666664,
          "n": 150
        }
      }
    }
  },
  "paired_jko_vs_kl": {
    "0": {
      "ndcg@10": {
        "diff": -0.017050484846420345,
        "ci_lo": -0.033565376034024534,
        "ci_hi": -0.0024020447467631924
      },
      "recall@10": {
        "diff": -0.036000000000000004,
        "ci_lo": -0.07203333333333334,
        "ci_hi": -0.002666666666666667
      },
      "distractor_leakage@10": {
        "diff": 0.0,
        "ci_lo": 0.0,
        "ci_hi": 0.0
      }
    },
    "10": {
      "ndcg@10": {
        "diff": -0.01293852532355588,
        "ci_lo": -0.030130921247693305,
        "ci_hi": 0.0026970778150828723
      },
      "recall@10": {
        "diff": -0.029333333333333336,
        "ci_lo": -0.06933333333333333,
        "ci_hi": 0.006666666666666667
      },
      "distractor_leakage@10": {
        "diff": -0.21933333333333332,
        "ci_lo": -0.2653333333333333,
        "ci_hi": -0.17531666666666673
      }
    },
    "30": {
      "ndcg@10": {
        "diff": -0.01156114503288479,
        "ci_lo": -0.028362800161391418,
        "ci_hi": 0.003769480204616879
      },
      "recall@10": {
        "diff": -0.026,
        "ci_lo": -0.062000000000000006,
        "ci_hi": 0.0073499999999999096
      },
      "distractor_leakage@10": {
        "diff": -0.24066666666666664,
        "ci_lo": -0.28733333333333333,
        "ci_hi": -0.19666666666666666
      }
    }
  }
}