{
  "dataset": "fiqa",
  "split": "test",
  "config": {
    "h": 0.5,
    "lam": 0.05,
    "rho": 0.05,
    "sinkhorn_eps": 0.1,
    "T": 3,
    "inner_steps": 25,
    "tau0": 0.1
  },
  "inject_counts": [
    0,
    10,
    30
  ],
  "n_queries": 100,
  "summary": {
    "0": {
      "rerank": {
        "ndcg@10": {
          "mean": 0.29836737689450493,
          "ci_lo": 0.22801511646594003,
          "ci_hi": 0.36779069273656806,
          "n": 100
        },
        "recall@10": {
          "mean": 0.36166666666666664,
          "ci_lo": 0.28399583333333334,
          "ci_hi": 0.4416666666666667,
          "n": 100
        },
        "distractor_leakage@10": {
          "mean": 0.0,
          "ci_lo": 0.0,
          "ci_hi": 0.0,
          "n": 100
        }
      },
      "noprox_blend": {
        "ndcg@10": {
          "mean": 0.3528493294051922,
          "ci_lo": 0.2783430576409828,
          "ci_hi": 0.43072178009111534,
          "n": 100
        },
        "recall@10": {
          "mean": 0.39150000000000007,
          "ci_lo": 0.31399583333333336,
          "ci_hi": 0.47100416666666656,
          "n": 100
        },
        "distractor_leakage@10": {
          "mean": 0.0,
          "ci_lo": 0.0,
          "ci_hi": 0.0,
          "n": 100
        }
      },
      "kl_blend": {
        "ndcg@10": {
          "mean": 0.35112259298527226,
          "ci_lo": 0.2754471679508115,
          "ci_hi": 0.427562401711412,
          "n": 100
        },
        "recall@10": {
          "mean": 0.39150000000000007,
          "ci_lo": 0.31399583333333336,
          "ci_hi": 0.47100416666666656,
          "n": 100
        },
        "distractor_leakage@10": {
          "mean": 0.0,
          "ci_lo": 0.0,
          "ci_hi": 0.0,
          "n": 100
        }
      },
      "jko_blend": {
        "ndcg@10": {
          "mean": 0.33069667003867126,
          "ci_lo": 0.2578076068515491,
          "ci_hi": 0.4050639446924094,
          "n": 100
        },
        "recall@10": {
          "mean": 0.366,
          "ci_lo": 0.28799583333333334,
          "ci_hi": 0.4443624999999998,
          "n": 100
        },
        "distractor_leakage@10": {
          "mean": 0.0,
          "ci_lo": 0.0,
          "ci_hi": 0.0,
          "n": 100
        }
      }
    },
    "10": {
      "rerank": {
        "ndcg@10": {
          "mean": 0.29836737689450493,
          "ci_lo": 0.22801511646594003,
          "ci_hi": 0.36779069273656806,
          "n": 100
        },
        "recall@10": {
          "mean": 0.36166666666666664,
          "ci_lo": 0.28399583333333334,
          "ci_hi": 0.4416666666666667,
          "n": 100
        },
        "distractor_leakage@10": {
          "mean": 0.09999999999999998,
          "ci_lo": 0.07200000000000001,
          "ci_hi": 0.133,
          "n": 100
        }
      },
      "noprox_blend": {
        "ndcg@10": {
          "mean": 0.34976194824657597,
          "ci_lo": 0.27418409254503984,
          "ci_hi": 0.42703720625481995,
          "n": 100
        },
        "recall@10": {
          "mean": 0.3895,
          "ci_lo": 0.31332916666666666,
          "ci_hi": 0.46834166666666666,
          "n": 100
        },
        "distractor_leakage@10": {
          "mean": 0.11100000000000002,
          "ci_lo": 0.08,
          "ci_hi": 0.14300000000000002,
          "n": 100
        }
      },
      "kl_blend": {
        "ndcg@10": {
          "mean": 0.35014220012695874,
          "ci_lo": 0.2746009625079191,
          "ci_hi": 0.4270423330833434,
          "n": 100
        },
        "recall@10": {
          "mean": 0.3895,
          "ci_lo": 0.31332916666666666,
          "ci_hi": 0.46834166666666666,
          "n": 100
        },
        "distractor_leakage@10": {
          "mean": 0.11599999999999999,
          "ci_lo": 0.08499999999999998,
          "ci_hi": 0.15,
          "n": 100
        }
      },
      "jko_blend": {
        "ndcg@10": {
          "mean": 0.33553260783003735,
          "ci_lo": 0.2639557334810032,
          "ci_hi": 0.40964660101323974,
          "n": 100
        },
        "recall@10": {
          "mean": 0.37650000000000006,
          "ci_lo": 0.2995,
          "ci_hi": 0.45584999999999987,
          "n": 100
        },
        "distractor_leakage@10": {
          "mean": 0.109,
          "ci_lo": 0.081,
          "ci_hi": 0.14,
          "n": 100
        }
      }
    },
    "30": {
      "rerank": {
        "ndcg@10": {
          "mean": 0.29836737689450493,
          "ci_lo": 0.22801511646594003,
          "ci_hi": 0.36779069273656806,
          "n": 100
        },
        "recall@10": {
          "mean": 0.36166666666666664,
          "ci_lo": 0.28399583333333334,
          "ci_hi": 0.4416666666666667,
          "n": 100
        },
        "distractor_leakage@10": {
          "mean": 0.17500000000000004,
          "ci_lo": 0.14097499999999996,
          "ci_hi": 0.21202499999999994,
          "n": 100
        }
      },
      "noprox_blend": {
        "ndcg@10": {
          "mean": 0.35202489210188515,
          "ci_lo": 0.2779024995659825,
          "ci_hi": 0.4291748134133432,
          "n": 100
        },
        "recall@10": {
          "mean": 0.3895,
          "ci_lo": 0.31332916666666666,
          "ci_hi": 0.46834166666666666,
          "n": 100
        },
        "distractor_leakage@10": {
          "mean": 0.21,
          "ci_lo": 0.16899999999999998,
          "ci_hi": 0.254,
          "n": 100
        }
      },
      "kl_blend": {
        "ndcg@10": {
          "mean": 0.34993341695157215,
          "ci_lo": 0.2743065372377546,
          "ci_hi": 0.42683289154914295,
          "n": 100
        },
        "recall@10": {
          "mean": 0.3895,
          "ci_lo": 0.31332916666666666,
          "ci_hi": 0.46834166666666666,
          "n": 100
        },
        "distractor_leakage@10": {
          "mean": 0.215,
          "ci_lo": 0.17300000000000001,
          "ci_hi": 0.25999999999999995,
          "n": 100
        }
      },
      "jko_blend": {
        "ndcg@10": {
          "mean": 0.3373264860148924,
          "ci_lo": 0.2655196209783609,
          "ci_hi": 0.4105261647690418,
          "n": 100
        },
        "recall@10": {
          "mean": 0.3785,
          "ci_lo": 0.3018208333333333,
          "ci_hi": 0.45783749999999995,
          "n": 100
        },
        "distractor_leakage@10": {
          "mean": 0.20400000000000007,
          "ci_lo": 0.16700000000000004,
          "ci_hi": 0.2440249999999999,
          "n": 100
        }
      }
    }
  },
  "paired_jko_vs_kl": {
    "0": {
      "ndcg@10": {
        "diff": -0.02042592294660098,
        "ci_lo": -0.035977620684125626,
        "ci_hi": -0.005776098367872041
      },
      "recall@10": {
        "diff": -0.0255,
        "ci_lo": -0.04700833333333333,
        "ci_hi": -0.0036666666666666666
      },
      "distractor_leakage@10": {
        "diff": 0.0,
        "ci_lo": 0.0,
        "ci_hi": 0.0
      }
    },
    "10": {
      "ndcg@10": {
        "diff": -0.01460959229692126,
        "ci_lo": -0.03179887650231875,
        "ci_hi": 0.0017458176515742863
      },
      "recall@10": {
        "diff": -0.012999999999999998,
        "ci_lo": -0.03983333333333333,
        "ci_hi": 0.018166666666666668
      },
      "distractor_leakage@10": {
        "diff": -0.007000000000000001,
        "ci_lo": -0.030000000000000006,
        "ci_hi": 0.020999999999999998
      }
    },
    "30": {
      "ndcg@10": {
        "diff": -0.012606930936679583,
        "ci_lo": -0.028767683356853892,
        "ci_hi": 0.0029432333879295318
      },
      "recall@10": {
        "diff": -0.011,
        "ci_lo": -0.03650416666666667,
        "ci_hi": 0.019354166666666554
      },
      "distractor_leakage@10": {
        "diff": -0.011000000000000003,
        "ci_lo": -0.04,
        "ci_hi": 0.019999999999999997
      }
    }
  }
}