{
  "dataset": "scidocs",
  "split": "test",
  "config": {
    "h": 2.0,
    "lam": 0.1,
    "rho": 0.05,
    "sinkhorn_eps": 0.2,
    "T": 2,
    "inner_steps": 15,
    "tau0": 1.0,
    "alpha": 0.4,
    "gamma": 0.3,
    "mode": "wasserstein"
  },
  "inject_counts": [
    0,
    5,
    10,
    20,
    40
  ],
  "n_queries": 100,
  "summary": {
    "0": {
      "rerank": {
        "ndcg@10": {
          "mean": 0.1801125984383796,
          "ci_lo": 0.14203756851688762,
          "ci_hi": 0.21913760360582982,
          "n": 100
        },
        "recall@10": {
          "mean": 0.1865,
          "ci_lo": 0.148,
          "ci_hi": 0.22701249999999992,
          "n": 100
        },
        "distractor_leakage@10": {
          "mean": 0.0,
          "ci_lo": 0.0,
          "ci_hi": 0.0,
          "n": 100
        }
      },
      "noprox_blend": {
        "ndcg@10": {
          "mean": 0.2137799008957561,
          "ci_lo": 0.1718635890944024,
          "ci_hi": 0.2557038495125889,
          "n": 100
        },
        "recall@10": {
          "mean": 0.22749999999999995,
          "ci_lo": 0.184,
          "ci_hi": 0.2705,
          "n": 100
        },
        "distractor_leakage@10": {
          "mean": 0.0,
          "ci_lo": 0.0,
          "ci_hi": 0.0,
          "n": 100
        }
      },
      "kl_blend": {
        "ndcg@10": {
          "mean": 0.2159078040871586,
          "ci_lo": 0.17488238979303591,
          "ci_hi": 0.25812219651055385,
          "n": 100
        },
        "recall@10": {
          "mean": 0.23149999999999998,
          "ci_lo": 0.1885,
          "ci_hi": 0.27449999999999997,
          "n": 100
        },
        "distractor_leakage@10": {
          "mean": 0.0,
          "ci_lo": 0.0,
          "ci_hi": 0.0,
          "n": 100
        }
      },
      "jko_blend": {
        "ndcg@10": {
          "mean": 0.213982842260057,
          "ci_lo": 0.17265683455154018,
          "ci_hi": 0.2556585343670739,
          "n": 100
        },
        "recall@10": {
          "mean": 0.22949999999999995,
          "ci_lo": 0.187,
          "ci_hi": 0.273,
          "n": 100
        },
        "distractor_leakage@10": {
          "mean": 0.0,
          "ci_lo": 0.0,
          "ci_hi": 0.0,
          "n": 100
        }
      }
    },
    "5": {
      "rerank": {
        "ndcg@10": {
          "mean": 0.1801125984383796,
          "ci_lo": 0.14203756851688762,
          "ci_hi": 0.21913760360582982,
          "n": 100
        },
        "recall@10": {
          "mean": 0.1865,
          "ci_lo": 0.148,
          "ci_hi": 0.22701249999999992,
          "n": 100
        },
        "distractor_leakage@10": {
          "mean": 0.069,
          "ci_lo": 0.04699999999999999,
          "ci_hi": 0.09499999999999999,
          "n": 100
        }
      },
      "noprox_blend": {
        "ndcg@10": {
          "mean": 0.21077288617300866,
          "ci_lo": 0.16902995260816361,
          "ci_hi": 0.25277901027101124,
          "n": 100
        },
        "recall@10": {
          "mean": 0.22099999999999997,
          "ci_lo": 0.17798749999999997,
          "ci_hi": 0.26349999999999996,
          "n": 100
        },
        "distractor_leakage@10": {
          "mean": 0.086,
          "ci_lo": 0.058974999999999986,
          "ci_hi": 0.11600000000000002,
          "n": 100
        }
      },
      "kl_blend": {
        "ndcg@10": {
          "mean": 0.21609396424265603,
          "ci_lo": 0.17487658510491152,
          "ci_hi": 0.2585807145455267,
          "n": 100
        },
        "recall@10": {
          "mean": 0.23149999999999998,
          "ci_lo": 0.1885,
          "ci_hi": 0.27449999999999997,
          "n": 100
        },
        "distractor_leakage@10": {
          "mean": 0.087,
          "ci_lo": 0.059,
          "ci_hi": 0.118,
          "n": 100
        }
      },
      "jko_blend": {
        "ndcg@10": {
          "mean": 0.21202205654342987,
          "ci_lo": 0.17043446140138951,
          "ci_hi": 0.2534838256694639,
          "n": 100
        },
        "recall@10": {
          "mean": 0.22549999999999998,
          "ci_lo": 0.183,
          "ci_hi": 0.26899999999999996,
          "n": 100
        },
        "distractor_leakage@10": {
          "mean": 0.084,
          "ci_lo": 0.057999999999999996,
          "ci_hi": 0.11302499999999989,
          "n": 100
        }
      }
    },
    "10": {
      "rerank": {
        "ndcg@10": {
          "mean": 0.1801125984383796,
          "ci_lo": 0.14203756851688762,
          "ci_hi": 0.21913760360582982,
          "n": 100
        },
        "recall@10": {
          "mean": 0.1865,
          "ci_lo": 0.148,
          "ci_hi": 0.22701249999999992,
          "n": 100
        },
        "distractor_leakage@10": {
          "mean": 0.10599999999999998,
          "ci_lo": 0.08,
          "ci_hi": 0.136,
          "n": 100
        }
      },
      "noprox_blend": {
        "ndcg@10": {
          "mean": 0.21068582720024343,
          "ci_lo": 0.16866144113495002,
          "ci_hi": 0.2522829558700257,
          "n": 100
        },
        "recall@10": {
          "mean": 0.22149999999999997,
          "ci_lo": 0.17898749999999994,
          "ci_hi": 0.2645,
          "n": 100
        },
        "distractor_leakage@10": {
          "mean": 0.13399999999999998,
          "ci_lo": 0.102,
          "ci_hi": 0.17002499999999987,
          "n": 100
        }
      },
      "kl_blend": {
        "ndcg@10": {
          "mean": 0.21477451610827303,
          "ci_lo": 0.1736247496014775,
          "ci_hi": 0.2572130398899411,
          "n": 100
        },
        "recall@10": {
          "mean": 0.22949999999999995,
          "ci_lo": 0.18698749999999995,
          "ci_hi": 0.27201249999999993,
          "n": 100
        },
        "distractor_leakage@10": {
          "mean": 0.13599999999999998,
          "ci_lo": 0.103,
          "ci_hi": 0.17300000000000001,
          "n": 100
        }
      },
      "jko_blend": {
        "ndcg@10": {
          "mean": 0.21202205654342987,
          "ci_lo": 0.17043446140138951,
          "ci_hi": 0.2534838256694639,
          "n": 100
        },
        "recall@10": {
          "mean": 0.22549999999999998,
          "ci_lo": 0.183,
          "ci_hi": 0.26899999999999996,
          "n": 100
        },
        "distractor_leakage@10": {
          "mean": 0.134,
          "ci_lo": 0.103,
          "ci_hi": 0.16800000000000004,
          "n": 100
        }
      }
    },
    "20": {
      "rerank": {
        "ndcg@10": {
          "mean": 0.1801125984383796,
          "ci_lo": 0.14203756851688762,
          "ci_hi": 0.21913760360582982,
          "n": 100
        },
        "recall@10": {
          "mean": 0.1865,
          "ci_lo": 0.148,
          "ci_hi": 0.22701249999999992,
          "n": 100
        },
        "distractor_leakage@10": {
          "mean": 0.15499999999999997,
          "ci_lo": 0.11900000000000001,
          "ci_hi": 0.19402499999999992,
          "n": 100
        }
      },
      "noprox_blend": {
        "ndcg@10": {
          "mean": 0.21167459633808494,
          "ci_lo": 0.16964442919327646,
          "ci_hi": 0.253523216854678,
          "n": 100
        },
        "recall@10": {
          "mean": 0.22349999999999998,
          "ci_lo": 0.18099999999999997,
          "ci_hi": 0.267,
          "n": 100
        },
        "distractor_leakage@10": {
          "mean": 0.19099999999999998,
          "ci_lo": 0.15200000000000002,
          "ci_hi": 0.23299999999999998,
          "n": 100
        }
      },
      "kl_blend": {
        "ndcg@10": {
          "mean": 0.21367596314762763,
          "ci_lo": 0.17241379831049822,
          "ci_hi": 0.2556454521960324,
          "n": 100
        },
        "recall@10": {
          "mean": 0.22749999999999995,
          "ci_lo": 0.1845,
          "ci_hi": 0.27049999999999996,
          "n": 100
        },
        "distractor_leakage@10": {
          "mean": 0.193,
          "ci_lo": 0.153,