{
  "dataset": "fiqa",
  "n_queries": 50,
  "config": {
    "h": 2.0,
    "lam": 0.1,
    "rho": 0.05,
    "sinkhorn_eps": 0.2,
    "T": 2,
    "inner_steps": 15,
    "tau0": 1.0
  },
  "used_learned_metric": true,
  "summary": {
    "jko_rerank": {
      "drop_stop": {
        "mean": 0.1358256623512361,
        "std": 0.023129885477914957,
        "n": 41
      },
      "hedge": {
        "mean": 0.14617172837257386,
        "std": 0.030663675946483344,
        "n": 50
      },
      "lower_nop": {
        "mean": 0.12984852378769796,
        "std": 0.02258660427147325,
        "n": 49
      }
    },
    "kl_rerank": {
      "drop_stop": {
        "mean": 0.18336284996532812,
        "std": 0.020140014708323637,
        "n": 41
      },
      "hedge": {
        "mean": 0.19346512019634246,
        "std": 0.025658125779877253,
        "n": 50
      },
      "lower_nop": {
        "mean": 0.17372964231335386,
        "std": 0.02409928107088718,
        "n": 49
      }
    },
    "bw_jko_a25": {
      "drop_stop": {
        "mean": 0.17386075454514202,
        "std": 0.020798920683397934,
        "n": 41
      },
      "hedge": {
        "mean": 0.1838420808315277,
        "std": 0.026592258375141356,
        "n": 50
      },
      "lower_nop": {
        "mean": 0.16517076398036917,
        "std": 0.024787003064859023,
        "n": 49
      }
    },
    "bw_jko_a50": {
      "drop_stop": {
        "mean": 0.16367505599812762,
        "std": 0.021487638577222513,
        "n": 41
      },
      "hedge": {
        "mean": 0.17357132196426392,
        "std": 0.02773162684272919,
        "n": 50
      },
      "lower_nop": {
        "mean": 0.15565314448001433,
        "std": 0.024943233444015566,
        "n": 49
      }
    },
    "bw_jko_a75": {
      "drop_stop": {
        "mean": 0.1511761008239374,
        "std": 0.022963991685910123,
        "n": 41
      },
      "hedge": {
        "mean": 0.16133236929774283,
        "std": 0.02972183700347864,
        "n": 50
      },
      "lower_nop": {
        "mean": 0.14423852315058514,
        "std": 0.024816497902351742,
        "n": 49
      }
    },
    "nm_jko": {
      "drop_stop": {
        "mean": 0.13687838068822536,
        "std": 0.02356984855565339,
        "n": 41
      },
      "hedge": {
        "mean": 0.14782151848077774,
        "std": 0.030949676217018007,
        "n": 50
      },
      "lower_nop": {
        "mean": 0.13105592990712245,
        "std": 0.023170223749576703,
        "n": 49
      }
    },
    "nm_bw_a50": {
      "drop_stop": {
        "mean": 0.1644389832892069,
        "std": 0.021640485302333635,
        "n": 41
      },
      "hedge": {
        "mean": 0.1743919837474823,
        "std": 0.02767823064539225,
        "n": 50
      },
      "lower_nop": {
        "mean": 0.15633539156037934,
        "std": 0.024860051753346386,
        "n": 49
      }
    }
  },
  "per_method_mean_over_perturbations": {
    "jko_rerank": 0.13728197150383598,
    "kl_rerank": 0.18351920415834147,
    "bw_jko_a25": 0.1742911997856796,
    "bw_jko_a50": 0.1642998408141353,
    "bw_jko_a75": 0.15224899775742182,
    "nm_jko": 0.13858527635870851,
    "nm_bw_a50": 0.1650554528656895
  }
}