{
  "dataset": "nfcorpus",
  "n_queries": 50,
  "config": {
    "h": 2.0,
    "lam": 0.1,
    "rho": 0.05,
    "sinkhorn_eps": 0.2,
    "T": 2,
    "inner_steps": 15,
    "tau0": 1.0
  },
  "used_learned_metric": true,
  "summary": {
    "jko_rerank": {
      "drop_stop": {
        "mean": 0.10411382409242484,
        "std": 0.021393991125115846,
        "n": 13
      },
      "hedge": {
        "mean": 0.1945432387292385,
        "std": 0.09518478006082023,
        "n": 50
      },
      "lower_nop": {
        "mean": 0.08698402427964741,
        "std": 0.019503892307338806,
        "n": 27
      }
    },
    "kl_rerank": {
      "drop_stop": {
        "mean": 0.1515240245140516,
        "std": 0.014078544270948453,
        "n": 13
      },
      "hedge": {
        "mean": 0.23122452855110168,
        "std": 0.0784201196292883,
        "n": 50
      },
      "lower_nop": {
        "mean": 0.13336605744229424,
        "std": 0.018253132775112438,
        "n": 27
      }
    },
    "bw_jko_a25": {
      "drop_stop": {
        "mean": 0.1375778500850384,
        "std": 0.017338225597797987,
        "n": 13
      },
      "hedge": {
        "mean": 0.22257443621754647,
        "std": 0.08284437919214221,
        "n": 50
      },
      "lower_nop": {
        "mean": 0.12078510445577127,
        "std": 0.01898323129878295,
        "n": 27
      }
    },
    "bw_jko_a50": {
      "drop_stop": {
        "mean": 0.12424252182245255,
        "std": 0.02046745150834432,
        "n": 13
      },
      "hedge": {
        "mean": 0.21401458397507667,
        "std": 0.08725654323932043,
        "n": 50
      },
      "lower_nop": {
        "mean": 0.10788667836674938,
        "std": 0.020304728781821258,
        "n": 27
      }
    },
    "bw_jko_a75": {
      "drop_stop": {
        "mean": 0.11167908116028859,
        "std": 0.021972796387400274,
        "n": 13
      },
      "hedge": {
        "mean": 0.2032384268939495,
        "std": 0.09209761321410086,
        "n": 50
      },
      "lower_nop": {
        "mean": 0.09509146020368293,
        "std": 0.02100762280341266,
        "n": 27
      }
    },
    "nm_jko": {
      "drop_stop": {
        "mean": 0.10651789376368889,
        "std": 0.020777797444252864,
        "n": 13
      },
      "hedge": {
        "mean": 0.1966552072763443,
        "std": 0.09337653462446657,
        "n": 50
      },
      "lower_nop": {
        "mean": 0.08846130304866368,
        "std": 0.01998399271880815,
        "n": 27
      }
    },
    "nm_bw_a50": {
      "drop_stop": {
        "mean": 0.1258815859372799,
        "std": 0.019838328019135106,
        "n": 13
      },
      "hedge": {
        "mean": 0.2151089969277382,
        "std": 0.08618902013228875,
        "n": 50
      },
      "lower_nop": {
        "mean": 0.10936229068923879,
        "std": 0.020184120025369814,
        "n": 27
      }
    }
  },
  "per_method_mean_over_perturbations": {
    "jko_rerank": 0.12854702903377027,
    "kl_rerank": 0.17203820350248247,
    "bw_jko_a25": 0.16031246358611873,
    "bw_jko_a50": 0.1487145947214262,
    "bw_jko_a75": 0.13666965608597367,
    "nm_jko": 0.13054480136289895,
    "nm_bw_a50": 0.15011762451808564
  }
}