{
  "dataset": "fiqa",
  "n_queries": 60,
  "summary": {
    "jko_rerank": {
      "drop_stop": {
        "mean": 0.06430634139898292,
        "std": 0.05145700465543298,
        "n": 47,
        "p25": 0.03753008134663105,
        "p50": 0.05936720222234726,
        "p75": 0.07803857699036598
      },
      "hedge": {
        "mean": 0.08830037685111165,
        "std": 0.06356265044395067,
        "n": 60,
        "p25": 0.060065810568630695,
        "p50": 0.07768309861421585,
        "p75": 0.09799587354063988
      },
      "lower_nop": {
        "mean": 0.0626314483283056,
        "std": 0.04284188805000309,
        "n": 59,
        "p25": 0.034144509583711624,
        "p50": 0.06176413595676422,
        "p75": 0.08197334036231041
      }
    },
    "kl_rerank": {
      "drop_stop": {
        "mean": 0.10963614431625986,
        "std": 0.0514470363550225,
        "n": 47,
        "p25": 0.08186709135770798,
        "p50": 0.11397717148065567,
        "p75": 0.13704611361026764
      },
      "hedge": {
        "mean": 0.12858666858325402,
        "std": 0.058951490739309394,
        "n": 60,
        "p25": 0.09538516029715538,
        "p50": 0.12379487231373787,
        "p75": 0.1500895880162716
      },
      "lower_nop": {
        "mean": 0.10929995146974669,
        "std": 0.04622667313108615,
        "n": 59,
        "p25": 0.08078590035438538,
        "p50": 0.11653860658407211,
        "p75": 0.137704998254776
      }
    },
    "noprox": {
      "drop_stop": {
        "mean": 0.0678453187240248,
        "std": 0.06072848416221583,
        "n": 47,
        "p25": 0.03292010724544525,
        "p50": 0.06181098893284798,
        "p75": 0.08669035509228706
      },
      "hedge": {
        "mean": 0.0975988058198709,
        "std": 0.08865796467914326,
        "n": 60,
        "p25": 0.05660693533718586,
        "p50": 0.08280795067548752,
        "p75": 0.11074775829911232
      },
      "lower_nop": {
        "mean": 0.06974056172303035,
        "std": 0.05248237142665626,
        "n": 59,
        "p25": 0.03304200526326895,
        "p50": 0.05738326534628868,
        "p75": 0.0961926020681858
      }
    },
    "rerank_topk": {
      "drop_stop": {
        "mean": 0.1104246587195295,
        "std": 0.036453857903843034,
        "n": 47,
        "p25": 0.08853567764163017,
        "p50": 0.10378365963697433,
        "p75": 0.12579119205474854
      },
      "hedge": {
        "mean": 0.13354434768358867,
        "std": 0.042600437634530496,
        "n": 60,
        "p25": 0.10099986009299755,
        "p50": 0.1266932636499405,
        "p75": 0.15551801770925522
      },
      "lower_nop": {
        "mean": 0.10774924694481543,
        "std": 0.03593464149261152,
        "n": 59,
        "p25": 0.08934078365564346,
        "p50": 0.10920308530330658,
        "p75": 0.12342019379138947
      }
    },
    "dense_topk": {
      "drop_stop": {
        "mean": 0.10758739836672519,
        "std": 0.030655142201972966,
        "n": 47,
        "p25": 0.09343118593096733,
        "p50": 0.10363829135894775,
        "p75": 0.11348102241754532
      },
      "hedge": {
        "mean": 0.137963975345095,
        "std": 0.06862185092958424,
        "n": 60,
        "p25": 0.10378607548773289,
        "p50": 0.11957313492894173,
        "p75": 0.14960607513785362
      },
      "lower_nop": {
        "mean": 0.1017404178441581,
        "std": 0.022417038215969153,
        "n": 59,
        "p25": 0.09123596176505089,
        "p50": 0.09526684135198593,
        "p75": 0.11305251717567444
      }
    }
  },
  "per_method_mean_over_perturbations": {
    "jko_rerank": 0.07174605552613339,
    "kl_rerank": 0.11584092145642018,
    "noprox": 0.0783948954223087,
    "rerank_topk": 0.11723941778264453,
    "dense_topk": 0.11576393051865942
  }
}