{
  "dataset": "scifact",
  "n_queries": 50,
  "config": {
    "h": 2.0,
    "lam": 0.1,
    "rho": 0.05,
    "sinkhorn_eps": 0.2,
    "T": 2,
    "inner_steps": 15,
    "tau0": 1.0
  },
  "used_learned_metric": true,
  "summary": {
    "jko_rerank": {
      "hedge": {
        "mean": 0.12920489817857742,
        "std": 0.032233787884706384,
        "n": 50
      },
      "lower_nop": {
        "mean": 0.10876478344202041,
        "std": 0.021684266317241005,
        "n": 50
      },
      "drop_stop": {
        "mean": 0.1111776740492686,
        "std": 0.02230934320669697,
        "n": 46
      }
    },
    "kl_rerank": {
      "hedge": {
        "mean": 0.18766787201166152,
        "std": 0.03096157969890161,
        "n": 50
      },
      "lower_nop": {
        "mean": 0.16224500879645348,
        "std": 0.03074088051293833,
        "n": 50
      },
      "drop_stop": {
        "mean": 0.1662498761130416,
        "std": 0.03166720749392339,
        "n": 46
      }
    },
    "bw_jko_a25": {
      "hedge": {
        "mean": 0.1739490331709385,
        "std": 0.032857933025708136,
        "n": 50
      },
      "lower_nop": {
        "mean": 0.1495785954594612,
        "std": 0.0310054175475832,
        "n": 50
      },
      "drop_stop": {
        "mean": 0.15307220638446187,
        "std": 0.03182577578976633,
        "n": 46
      }
    },
    "bw_jko_a50": {
      "hedge": {
        "mean": 0.15903303056955337,
        "std": 0.03420321934445093,
        "n": 50
      },
      "lower_nop": {
        "mean": 0.13591811582446098,
        "std": 0.030187925697011776,
        "n": 50
      },
      "drop_stop": {
        "mean": 0.13895464510373448,
        "std": 0.03086662056836365,
        "n": 46
      }
    },
    "bw_jko_a75": {
      "hedge": {
        "mean": 0.1424148401618004,
        "std": 0.03456556837482345,
        "n": 50
      },
      "lower_nop": {
        "mean": 0.12042201817035675,
        "std": 0.02720633174597578,
        "n": 50
      },
      "drop_stop": {
        "mean": 0.12328062643823416,
        "std": 0.02756636104026872,
        "n": 46
      }
    },
    "nm_jko": {
      "hedge": {
        "mean": 0.12934027180075647,
        "std": 0.029921722663933722,
        "n": 50
      },
      "lower_nop": {
        "mean": 0.10910181269049644,
        "std": 0.022186340556115222,
        "n": 50
      },
      "drop_stop": {
        "mean": 0.11168573278447856,
        "std": 0.022674609755300668,
        "n": 46
      }
    },
    "nm_bw_a50": {
      "hedge": {
        "mean": 0.15950444713234901,
        "std": 0.03388844942338538,
        "n": 50
      },
      "lower_nop": {
        "mean": 0.13639917895197867,
        "std": 0.03026117496780754,
        "n": 50
      },
      "drop_stop": {
        "mean": 0.1395129276358563,
        "std": 0.03089297509158472,
        "n": 46
      }
    }
  },
  "per_method_mean_over_perturbations": {
    "jko_rerank": 0.11638245188995548,
    "kl_rerank": 0.1720542523070522,
    "bw_jko_a25": 0.15886661167162053,
    "bw_jko_a50": 0.14463526383258293,
    "bw_jko_a75": 0.1287058282567971,
    "nm_jko": 0.11670927242524383,
    "nm_bw_a50": 0.14513885124006132
  }
}