{
  "queries": [],
  "summary": {
    "jko_rerank": {
      "drop_stop": {
        "mean": 0.03642809673932926,
        "std": 0.029991501073551884,
        "n": 53,
        "p25": 0.014007807709276676,
        "p50": 0.026732388883829117,
        "p75": 0.05586124211549759
      },
      "hedge": {
        "mean": 0.06767461687365237,
        "std": 0.07681648806597967,
        "n": 60,
        "p25": 0.02164546772837639,
        "p50": 0.04738982208073139,
        "p75": 0.08657007291913033
      },
      "lower_nop": {
        "mean": 0.03084899629660261,
        "std": 0.02391860401377279,
        "n": 60,
        "p25": 0.0128523672465235,
        "p50": 0.024566326290369034,
        "p75": 0.049543469212949276
      }
    },
    "kl_rerank": {
      "drop_stop": {
        "mean": 0.06513797359119328,
        "std": 0.03735121793891811,
        "n": 53,
        "p25": 0.0324699729681015,
        "p50": 0.06172143667936325,
        "p75": 0.09084074944257736
      },
      "hedge": {
        "mean": 0.09363489704749857,
        "std": 0.07706105341348525,
        "n": 60,
        "p25": 0.04770904220640659,
        "p50": 0.08059927076101303,
        "p75": 0.11776507832109928
      },
      "lower_nop": {
        "mean": 0.060627078276593235,
        "std": 0.03353744598070876,
        "n": 60,
        "p25": 0.03297716844826937,
        "p50": 0.059762414544820786,
        "p75": 0.08109800517559052
      }
    },
    "noprox": {
      "drop_stop": {
        "mean": 0.032963687498951635,
        "std": 0.0330449175992157,
        "n": 53,
        "p25": 0.00607985258102417,
        "p50": 0.02389375865459442,
        "p75": 0.04854875057935715
      },
      "hedge": {
        "mean": 0.06215439651787165,
        "std": 0.09764448422095565,
        "n": 60,
        "p25": 0.009144775103777647,
        "p50": 0.034203579649329185,
        "p75": 0.07203539274632931
      },
      "lower_nop": {
        "mean": 0.027406090369155815,
        "std": 0.02578630929575129,
        "n": 60,
        "p25": 0.005562852136790752,
        "p50": 0.02109626028686762,
        "p75": 0.04388861823827028
      }
    },
    "rerank_topk": {
      "drop_stop": {
        "mean": 0.10537910544014764,
        "std": 0.0406391300789738,
        "n": 53,
        "p25": 0.07835684716701508,
        "p50": 0.1058315858244896,
        "p75": 0.11999595165252686
      },
      "hedge": {
        "mean": 0.14777469200392565,
        "std": 0.06959517407664952,
        "n": 60,
        "p25": 0.10831992700695992,
        "p50": 0.13823765516281128,
        "p75": 0.16279102116823196
      },
      "lower_nop": {
        "mean": 0.08954568562718729,
        "std": 0.031596281327081616,
        "n": 60,
        "p25": 0.07227177359163761,
        "p50": 0.0854603573679924,
        "p75": 0.11201213300228119
      }
    },
    "dense_topk": {
      "drop_stop": {
        "mean": 0.10682986536115971,
        "std": 0.03481244531816364,
        "n": 53,
        "p25": 0.0810590535402298,
        "p50": 0.10343971103429794,
        "p75": 0.12278836965560913
      },
      "hedge": {
        "mean": 0.10596328712999821,
        "std": 0.0338757106347656,
        "n": 60,
        "p25": 0.082960469648242,
        "p50": 0.0998404361307621,
        "p75": 0.12218701653182507
      },
      "lower_nop": {
        "mean": 0.09332909941052397,
        "std": 0.02522619797272308,
        "n": 60,
        "p25": 0.07588371634483337,
        "p50": 0.09646904096007347,
        "p75": 0.1139720007777214
      }
    }
  },
  "per_method_mean_over_perturbations": {
    "jko_rerank": 0.044983903303194746,
    "kl_rerank": 0.07313331630509502,
    "noprox": 0.04084139146199303,
    "rerank_topk": 0.11423316102375353,
    "dense_topk": 0.10204075063389396
  }
}