{
  "dataset": "trec-covid",
  "n_queries": 50,
  "summary": {
    "jko_rerank": {
      "drop_stop": {
        "mean": 0.07074981085632158,
        "std": 0.021515899393506444,
        "n": 46,
        "p25": 0.054490115493535995,
        "p50": 0.0663132555782795,
        "p75": 0.08801250346004963
      },
      "hedge": {
        "mean": 0.08225815162062645,
        "std": 0.0298928902377924,
        "n": 50,
        "p25": 0.06114965118467808,
        "p50": 0.07648473232984543,
        "p75": 0.10012258589267731
      },
      "lower_nop": {
        "mean": 0.07112670224159956,
        "std": 0.021465408629417027,
        "n": 46,
        "p25": 0.05676817800849676,
        "p50": 0.06852715089917183,
        "p75": 0.08700599148869514
      }
    },
    "kl_rerank": {
      "drop_stop": {
        "mean": 0.10986127898744914,
        "std": 0.024512368510664326,
        "n": 46,
        "p25": 0.09146600402891636,
        "p50": 0.10546549409627914,
        "p75": 0.13129007443785667
      },
      "hedge": {
        "mean": 0.11773609787225724,
        "std": 0.030084895667634032,
        "n": 50,
        "p25": 0.09460007399320602,
        "p50": 0.11142866313457489,
        "p75": 0.14271213114261627
      },
      "lower_nop": {
        "mean": 0.11019949404441792,
        "std": 0.02411895517842704,
        "n": 46,
        "p25": 0.09209563210606575,
        "p50": 0.10915356874465942,
        "p75": 0.12757445126771927
      }
    },
    "noprox": {
      "drop_stop": {
        "mean": 0.08963309949182946,
        "std": 0.022443795090096197,
        "n": 46,
        "p25": 0.07344668544828892,
        "p50": 0.09068118780851364,
        "p75": 0.10290324501693249
      },
      "hedge": {
        "mean": 0.10246047124266625,
        "std": 0.03457116238471397,
        "n": 50,
        "p25": 0.07862064614892006,
        "p50": 0.09576210379600525,
        "p75": 0.12085562944412231
      },
      "lower_nop": {
        "mean": 0.09118727327364942,
        "std": 0.022562369534763288,
        "n": 46,
        "p25": 0.07638959027826786,
        "p50": 0.08778862655162811,
        "p75": 0.11177115887403488
      }
    },
    "rerank_topk": {
      "drop_stop": {
        "mean": 0.07225027583215547,
        "std": 0.02324008053647489,
        "n": 46,
        "p25": 0.05454146210104227,
        "p50": 0.06978260725736618,
        "p75": 0.08712786808609962
      },
      "hedge": {
        "mean": 0.08594383388757705,
        "std": 0.035074269729664286,
        "n": 50,
        "p25": 0.057450639083981514,
        "p50": 0.07728443294763565,
        "p75": 0.10267320647835732
      },
      "lower_nop": {
        "mean": 0.0694545748765054,
        "std": 0.0201159128425378,
        "n": 46,
        "p25": 0.05412178300321102,
        "p50": 0.07016188651323318,
        "p75": 0.08026033826172352
      }
    },
    "dense_topk": {
      "drop_stop": {
        "mean": 0.0433176929515827,
        "std": 0.02181956467447133,
        "n": 46,
        "p25": 0.02814071299508214,
        "p50": 0.037110958248376846,
        "p75": 0.05929129756987095
      },
      "hedge": {
        "mean": 0.045003606360405686,
        "std": 0.022592104672913227,
        "n": 50,
        "p25": 0.030007359571754932,
        "p50": 0.03949927166104317,
        "p75": 0.058221787214279175
      },
      "lower_nop": {
        "mean": 0.04106739849742988,
        "std": 0.020617586309259205,
        "n": 46,
        "p25": 0.026950699277222157,
        "p50": 0.033991023898124695,
        "p75": 0.0565262483432889
      }
    }
  },
  "per_method_mean_over_perturbations": {
    "jko_rerank": 0.07471155490618253,
    "kl_rerank": 0.11259895696804144,
    "noprox": 0.09442694800271505,
    "rerank_topk": 0.07588289486541265,
    "dense_topk": 0.04312956593647275
  }
}