{
  "dataset": "scidocs",
  "n_queries": 60,
  "summary": {
    "jko_rerank": {
      "drop_stop": {
        "mean": 0.06058322107336218,
        "std": 0.03469466665177087,
        "n": 56,
        "p25": 0.038945648819208145,
        "p50": 0.05349271930754185,
        "p75": 0.08541721664369106
      },
      "hedge": {
        "mean": 0.08145504519343376,
        "std": 0.06052657851302397,
        "n": 60,
        "p25": 0.038287111558020115,
        "p50": 0.0657753273844719,
        "p75": 0.09940303862094879
      },
      "lower_nop": {
        "mean": 0.04245979683861757,
        "std": 0.025601844173734734,
        "n": 60,
        "p25": 0.021988585591316223,
        "p50": 0.04233929328620434,
        "p75": 0.05915467254817486
      }
    },
    "kl_rerank": {
      "drop_stop": {
        "mean": 0.10205784875766508,
        "std": 0.04268265892389607,
        "n": 56,
        "p25": 0.07266640290617943,
        "p50": 0.10351751372218132,
        "p75": 0.1356612704694271
      },
      "hedge": {
        "mean": 0.11668732768545548,
        "std": 0.05652211357172308,
        "n": 60,
        "p25": 0.07758243009448051,
        "p50": 0.11254103854298592,
        "p75": 0.15070700645446777
      },
      "lower_nop": {
        "mean": 0.08945101400992522,
        "std": 0.04260353429662509,
        "n": 60,
        "p25": 0.05695846676826477,
        "p50": 0.09451496601104736,
        "p75": 0.11903499066829681
      }
    },
    "noprox": {
      "drop_stop": {
        "mean": 0.06914913792570587,
        "std": 0.04643350614755766,
        "n": 56,
        "p25": 0.0322441179305315,
        "p50": 0.06272322311997414,
        "p75": 0.10977338626980782
      },
      "hedge": {
        "mean": 0.09049153437614829,
        "std": 0.07680054718218828,
        "n": 60,
        "p25": 0.03107227385044098,
        "p50": 0.06954178959131241,
        "p75": 0.11803013272583485
      },
      "lower_nop": {
        "mean": 0.05110039372605873,
        "std": 0.03424071603917713,
        "n": 60,
        "p25": 0.02588529558852315,
        "p50": 0.04433789104223251,
        "p75": 0.0719565786421299
      }
    },
    "rerank_topk": {
      "drop_stop": {
        "mean": 0.11232782501195158,
        "std": 0.0322507056716908,
        "n": 56,
        "p25": 0.09052217751741409,
        "p50": 0.10635937377810478,
        "p75": 0.1283484399318695
      },
      "hedge": {
        "mean": 0.1415675229082505,
        "std": 0.07625209847563758,
        "n": 60,
        "p25": 0.09493960998952389,
        "p50": 0.11668123677372932,
        "p75": 0.16524440050125122
      },
      "lower_nop": {
        "mean": 0.0758367409153531,
        "std": 0.022647859536223253,
        "n": 60,
        "p25": 0.06824113056063652,
        "p50": 0.07829215005040169,
        "p75": 0.08625567518174648
      }
    },
    "dense_topk": {
      "drop_stop": {
        "mean": 0.10086661018431187,
        "std": 0.03325441877849385,
        "n": 56,
        "p25": 0.08422442153096199,
        "p50": 0.09429313242435455,
        "p75": 0.11184576526284218
      },
      "hedge": {
        "mean": 0.13210582820077738,
        "std": 0.09431751300355222,
        "n": 60,
        "p25": 0.09256860613822937,
        "p50": 0.10746343433856964,
        "p75": 0.12469113618135452
      },
      "lower_nop": {
        "mean": 0.0841184467698137,
        "std": 0.018885836943801047,
        "n": 60,
        "p25": 0.07814978621900082,
        "p50": 0.08475427702069283,
        "p75": 0.0896811243146658
      }
    }
  },
  "per_method_mean_over_perturbations": {
    "jko_rerank": 0.06149935436847117,
    "kl_rerank": 0.1027320634843486,
    "noprox": 0.0702470220093043,
    "rerank_topk": 0.10991069627851839,
    "dense_topk": 0.10569696171830097
  }
}