{
  "dataset": "nfcorpus",
  "n_queries": 60,
  "summary": {
    "jko_rerank": {
      "drop_stop": {
        "mean": 0.046309094246160906,
        "std": 0.03401565573844167,
        "n": 14,
        "p25": 0.021213173400610685,
        "p50": 0.04835459217429161,
        "p75": 0.06813857704401016
      },
      "hedge": {
        "mean": 0.13997230387758464,
        "std": 0.146835943186188,
        "n": 60,
        "p25": 0.03196104243397713,
        "p50": 0.0915745235979557,
        "p75": 0.2068459466099739
      },
      "lower_nop": {
        "mean": 0.02168334430806633,
        "std": 0.02026325760136258,
        "n": 38,
        "p25": 0.0029891959275119007,
        "p50": 0.020087631419301033,
        "p75": 0.029692213516682386
      }
    },
    "kl_rerank": {
      "drop_stop": {
        "mean": 0.07011895367343511,
        "std": 0.03806147857142297,
        "n": 14,
        "p25": 0.03692970983684063,
        "p50": 0.07653577625751495,
        "p75": 0.09777996130287647
      },
      "hedge": {
        "mean": 0.15197042433234553,
        "std": 0.14320964612570325,
        "n": 60,
        "p25": 0.05330888647586107,
        "p50": 0.09366113692522049,
        "p75": 0.20877735316753387
      },
      "lower_nop": {
        "mean": 0.04449263485271091,
        "std": 0.031279832858043685,
        "n": 38,
        "p25": 0.021608554758131504,
        "p50": 0.03887486271560192,
        "p75": 0.061102657578885555
      }
    },
    "noprox": {
      "drop_stop": {
        "mean": 0.0502329329184639,
        "std": 0.04179045949357313,
        "n": 14,
        "p25": 0.01145568280480802,
        "p50": 0.049703873693943024,
        "p75": 0.06452195160090923
      },
      "hedge": {
        "mean": 0.13797506046660904,
        "std": 0.17935212449998486,
        "n": 60,
        "p25": 0.02703970018774271,
        "p50": 0.05476105026900768,
        "p75": 0.1796031817793846
      },
      "lower_nop": {
        "mean": 0.022377042981660406,
        "std": 0.024809233391147125,
        "n": 38,
        "p25": 0.0034614363103173673,
        "p50": 0.013457797933369875,
        "p75": 0.02794487727805972
      }
    },
    "rerank_topk": {
      "drop_stop": {
        "mean": 0.11962152857865606,
        "std": 0.05439325352703088,
        "n": 14,
        "p25": 0.08374036476016045,
        "p50": 0.09588704630732536,
        "p75": 0.13525819219648838
      },
      "hedge": {
        "mean": 0.20589395500719548,
        "std": 0.10683313996711913,
        "n": 60,
        "p25": 0.10918094962835312,
        "p50": 0.19735313206911087,
        "p75": 0.27843479812145233
      },
      "lower_nop": {
        "mean": 0.06362278681052358,
        "std": 0.022451706613615563,
        "n": 38,
        "p25": 0.04946132842451334,
        "p50": 0.06663428992033005,
        "p75": 0.07959705032408237
      }
    },
    "dense_topk": {
      "drop_stop": {
        "mean": 0.12709306393350875,
        "std": 0.04554489657624078,
        "n": 14,
        "p25": 0.10130199417471886,
        "p50": 0.10612397640943527,
        "p75": 0.1426638849079609
      },
      "hedge": {
        "mean": 0.16165668337295452,
        "std": 0.10131196130807264,
        "n": 60,
        "p25": 0.0911595094949007,
        "p50": 0.1375180408358574,
        "p75": 0.19387300312519073
      },
      "lower_nop": {
        "mean": 0.07074973982219633,
        "std": 0.026480801412259412,
        "n": 38,
        "p25": 0.056501174345612526,
        "p50": 0.0748385451734066,
        "p75": 0.08593455515801907
      }
    }
  },
  "per_method_mean_over_perturbations": {
    "jko_rerank": 0.06932158081060397,
    "kl_rerank": 0.08886067095283053,
    "noprox": 0.07019501212224445,
    "rerank_topk": 0.1297127567987917,
    "dense_topk": 0.11983316237621988
  }
}