{
  "dataset": "scifact",
  "n_queries": 40,
  "h": 0.5,
  "T": 5,
  "lam": 0.05,
  "rho": 0.05,
  "free_energy": {
    "wasserstein": {
      "mean": [
        -0.9585135791217908,
        -0.9819491553702392,
        -0.9839697861811146,
        -0.9845180992735549,
        -0.9848347646926413,
        -0.9850879285251721
      ],
      "ci_lo": [
        -0.9667175598326139,
        -0.9890179604286096,
        -0.990787179489853,
        -0.9912478881562856,
        -0.9914875119431599,
        -0.9916509139029221
      ],
      "ci_hi": [
        -0.950845038332045,
        -0.9754313594251289,
        -0.9775971917972492,
        -0.9782721145222604,
        -0.9786918224597685,
        -0.9790036127470376
      ],
      "monotone_frac": 0.625,
      "total_drop_mean": 0.026574349403381346
    },
    "kl": {
      "mean": [
        -0.9585135791217908,
        -0.9646781018702313,
        -0.9693971775879617,
        -0.9730385948147159,
        -0.975874734504032,
        -0.9781223706027958
      ],
      "ci_lo": [
        -0.9667175598326139,
        -0.9723634419863811,
        -0.9767542212054832,
        -0.9800994269496005,
        -0.9826842598123039,
        -0.9847537782460859
      ],
      "ci_hi": [
        -0.950845038332045,
        -0.9575730180263053,
        -0.9626910194278753,
        -0.9665814914734802,
        -0.9696256252436433,
        -0.9720531278988347
      ],
      "monotone_frac": 1.0,
      "total_drop_mean": 0.019608791481005028
    }
  },
  "velocity": {
    "wasserstein": {
      "mean": [
        0.06717330307001249,
        0.03240196891129017,
        0.02451445197657449,
        0.02106208578479709,
        0.01912336503919505
      ]
    },
    "kl": {
      "mean": [
        0.06967457870487123,
        0.06404036981984973,
        0.059385550825390966,
        0.05551672049623448,
        0.05228402130305767
      ]
    }
  }
}