{
  "dataset": "scifact",
  "n_queries": 25,
  "h": 0.5,
  "T": 3,
  "k": 10,
  "dirs": 2,
  "s_grid": [
    0.0,
    0.1,
    0.2,
    0.3,
    0.5,
    0.75,
    1.0,
    1.5
  ],
  "perturbation": "cross-cluster (top graph-frequency band)",
  "wc_curve": {
    "wasserstein": [
      0.0,
      0.02349147087545134,
      0.024150583726004697,
      0.024985835416591728,
      0.02746979174669832,
      0.03155334882729221,
      0.03602061290061101,
      0.04650320228654891
    ],
    "kl": [
      0.0,
      0.0565886393818073,
      0.056967874709516766,
      0.057448585983365774,
      0.05866926599759609,
      0.06070308534661308,
      0.06246849719434976,
      0.0665044978982769
    ]
  },
  "preservation_curve": {
    "wasserstein": [
      1.0,
      0.986,
      0.9640000000000001,
      0.9420000000000001,
      0.8959999999999999,
      0.848,
      0.7939999999999999,
      0.704
    ],
    "kl": [
      1.0,
      1.0,
      0.998,
      0.9880000000000001,
      0.9660000000000001,
      0.9520000000000001,
      0.938,
      0.9159999999999999
    ]
  },
  "certified_radius": {
    "wasserstein": {
      "mean": 0.28800000000000003,
      "ci_lo": 0.217,
      "ci_hi": 0.365,
      "median": 0.2
    },
    "kl": {
      "mean": 0.8769999999999999,
      "ci_lo": 0.7360000000000001,
      "ci_hi": 1.028,
      "median": 1.0
    }
  },
  "headline": {
    "radius_W_mean": 0.28800000000000003,
    "radius_KL_mean": 0.8769999999999999,
    "radius_ratio_W_over_KL": 0.3283922462941848
  }
}